Feature,Importance
Sales_MA_7,0.2610320857324445
Day,0.17570920940997853
Sales_Lag_7,0.12770221839556725
Sales_MA_30,0.11240593877007142
Sales_Lag_30,0.10566591569166255
Sales_Lag_1,0.09094192750290049
Month,0.04555098794913932
DayOfWeek,0.04404236048734146
Year,0.023134541045300393
Quarter,0.01011456065898784
IsWeekend,0.003700254356606204
